project_id,project_name,downloads,contributors,searches
1729,react,17895131,1645,
1730,vue,3555435,365,
1731,Front-End-Checklist,,114,
1732,vite,7510443,893,
1733,ionic-framework,198,471,
1734,frontend-dev-bookmarks,,102,
1735,awesome-cheatsheets,,130,
1736,gold-miner,3,539,
1737,quivr,89,97,
1738,weekly,0,74,
1739,GitHubDaily,,4,
1740,expo,284,1187,
1741,fe-interview,,6,
1742,iview,6522,157,
1743,ant-design-vue,78401,252,
1744,EasySpider,,6,
1745,Hello-Python,,,
1746,tui.editor,10,113,
1747,Front-End-Performance-Checklist,,44,
1748,amis,7776,200,
1749,full-stack-fastapi-postgresql,,23,
1750,marko,80566,119,
1751,TW-Elements,,129,
1752,tachyons,45450,66,
1753,tui.calendar,,24,
1754,gdbgui,4713,44,
1755,material-design-for-bootstrap,,19,
1756,Awsome-Front-End-learning-resource,,3,
1757,gremlins.js,2281,22,
1758,frontend-stuff,,66,
1759,ng-zorro-antd,59385,262,
1760,StableStudio,,6,
1761,vue-enterprise-boilerplate,,29,
1762,growth-ebook,,21,
1763,Hippy,,82,
1764,it-tools,0,32,
1765,frontend-case-studies,,14,
1766,backbone.marionette,,354,
1767,hospitalrun-frontend,,240,
1768,zeroclipboard,7340,52,
1769,FE-Interview,,3,
1770,developer-roadmap-chinese,,,
1771,nicegui,15621,74,
1772,builder,404,74,
1773,imba,7407,32,
1774,alternative-front-ends,,32,
1775,papercups,,49,
1776,FrontEndGitHub,,3,
1777,nerv,18,16,
1778,webpacker,,448,
1779,TNT-Weekly,,6,
1780,AmazeFileManager,,137,
1781,Front-End-Design-Checklist,,7,
1782,codefather,,5,
1783,reagent,4,83,
1784,san,332,45,
1785,webhook.site,,13,
1786,Front-End-Web-Development-Resources,,119,
1787,telegram-list,,360,
1788,forum,124,21,
1789,front-end-handbook-2019,,21,
1790,javascript-code-challenges,,24,
1791,frontend-learning-kit,,20,
1792,mometa,,2,
1793,pattern.css,1647,,
1794,mianshiya-public,,2,
1795,create-react-app-typescript,,472,
1796,roadmaps,,161,
1797,awesome-jupyter,,83,
1798,plasmic,15,25,
1799,react-fontawesome,,45,
1800,visualization-collection,,,
1801,frontend-tech-list,,,
1802,frontend,5981,517,
1803,webpack-libs-optimizations,,9,
1804,ui-buttons,,3,
1805,rfs,,16,
1806,smooth-scrollbar,,23,
1807,OverlayScrollbars,,10,
1808,localResizeIMG,,6,
1809,FrontEndCollection,,3,
1810,redux-orm,3427,29,
1811,mini.css,711,21,
1812,blogs,7,,
1813,hop,9,15,
1814,fe-interview,,8,
1815,free-programming-resources,,2,
1816,guiadofrontend,,,
1817,vecty,,17,
1818,neo,7219,30,
1819,hiper,4,9,
1820,ViewUI,,168,
1821,Jailer,,4,
1822,awesome-casestudy,,9,
1823,code-nav,,6,
1824,growth-in-action,,8,
1825,img2css,0,4,
1826,OverVue,,42,
1827,omatsuri,,7,
1828,webpack-book,0,52,
1829,vue-fontawesome,,37,
1830,meli,,8,
1831,ansible-cmdb,643,19,
1832,the-front-end-knowledge-you-may-not-know,,2,
1833,jest-preview,76259,24,
1834,cli,1151091,12,
1835,devmap,,8,
1836,userbase,5,12,
1837,percy,10819,25,
1838,webapp.rs,,11,
1839,frontendDaily,,2,
1840,react-imgpro,,4,
1841,blaze,3191,18,
1842,user-event,2587,98,
1843,bttn.css,,3,
1844,fe,23,8,
1845,spring-boot-vuejs,,20,
1846,icestark,3,18,
1847,sql-mother,,7,
1848,frontend-development,,22,
1849,webpack-starter,0,13,
1850,apihub,3,7,
1851,yuindex,,8,
1852,clean-code-javascript,,,
1853,layerJS,,10,
1854,openfl,136,159,
1855,python-web,,,
1856,imgcook,,8,
1857,Awesome-Interview,,3,
1858,reactpatterns,,17,
1859,nipplejs,,20,
1860,CrossUI,,3,
1861,frontend-mini-challenges,,80,
1862,ng-devui,,26,
1863,chatgpt.js,,16,
1864,yulegeyu,,2,
1865,react-native-picker-select,,41,
1866,farm,,24,
1867,bulmaswatch,,12,
1868,frontdesk,,59,
1869,sift.js,,40,
1870,login-flow,,9,
1871,piral,,41,
1872,semana-javascript-expert05,,,
1873,watching-you,,2,
1874,dev-practice,,43,
1875,fe-necessary-book,,,
1876,vue-beautiful-chat,,26,
1877,visual-center,1,3,
1878,shariff,,64,
1879,myblog,0,,
1880,blog,71,4,
1881,reitit,,112,
1882,sql-father-frontend-public,,,
1883,saas-boilerplate,,30,
1884,bank,24,,
1885,aurelia,,64,
1886,jetpack,9,13,
1887,thing-translator,,2,
1888,AwesomeSites,,,
1889,tiny-engine,,14,
1890,coffee,9,6,
1891,layr,,2,
1892,frontend,5981,121,
1893,prepare_frontend_interview,,14,
1894,tiny-vue,,65,
1895,Equal,,13,
1896,F2E,,3,
1897,roadmap-do-desenvolvedor-web,,,
1898,Project-Ideas-And-Resources,,3,
1899,kvision,,16,
1900,Sublime-Text-Plugins-for-Frontend-Web-Development,,8,
1901,programming-challenges,,,
1902,frontend-guideline,,27,
1903,vanilla-todo,,5,
1904,baklava,4,49,
1905,Home-Assistant-Mobile-First,,,
1906,angular-tree-component,,53,
1907,mern-course-bootcamp,,5,
1908,nvim,,9,
1909,awesome-scalability,,23,
1910,appwrite,1214,323,
1911,awesome-cheatsheets,,46,
1912,pocketbase,1262,309,
1913,GitHubDaily,,37,
1914,parse-server,,360,
1915,sonic,,20,
1916,Hello-Python,,62,
1917,full-stack-fastapi-postgresql,,82,
1918,october,,4,
1919,domain-driven-hexagon,,12,
1920,nakama,3,2,
1921,nhost,,41,
1922,web-skills,,65,
1923,vagas,6,98,
1924,developer-roadmap-chinese,,234,
1925,awesome-system-design-resources,,45,
1926,rowy,,432,
1927,cockpit,,3,
1928,codefather,,7,
1929,hoodie,,19,
1930,lucene-solr,,3,
1931,encore,142,59,
1932,EasyAdminBundle,,29,
1933,interviewGuide,,14,
1934,mianshiya-public,,299,
1935,roadmaps,,9,
1936,simplebank,,33,
1937,olivia,1,61,
1938,go-backend-clean-architecture,,6,
1939,Robyn,,7,
1940,mirrord,,358,
1941,nodejs-integration-tests-best-practices,,,
1942,CRUD,,7,
1943,free-programming-resources,,35,
1944,ownphotos,,6,
1945,readyset,,20,
1946,tinyhttp,,2,
1947,code-nav,,4,
1948,growth-in-action,,12,
1949,node-typescript-boilerplate,,41,
1950,ultimate-backend,,14,
1951,cli,1151091,3,
1952,devmap,,16,
1953,webapp.rs,,,
1954,lucene,,4,
1955,slides,,66,
1956,guiadobackend,,9,
1957,blaze,3191,47,
1958,lumber,,5,
1959,backend-cheats,,7,
1960,spring-boot-vuejs,,3,
1961,apihub,3,77,
1962,gobetween,,8,
1963,yuindex,,5,
1964,sql-father-backend-public,,4,
1965,Awesome-Interview,,6,
1966,rust-web-developer-roadmap,,9,
1967,silicon,4,19,
1968,dart_frog,,16,
1969,lastbackend,,12,
1970,fusio,,363,
1971,NotyKT,,10,
1972,dev-practice,,188,
1973,Java-Notes,,79,
1974,awesome-backend,,2,
1975,toggl_api_docs,,16,
1976,goyave,,15,
1977,kuzzle,,11,
1978,Systemizer,,34,
1979,saas-boilerplate,,6,
1980,bank,24,6,
1981,simple-admin-core,,93,
1982,layr,,51,
1983,backend-best-practices,,92,
1984,axios-module,,25,
1985,pavex,,20,
1986,laravel-realworld-example-app,,28,
1987,local-web-server,,3,
1988,roadmap-do-desenvolvedor-web,,18,
1989,oh-my-backend,,2,
1990,programming-challenges,,49,
1991,learn-nodejs-hard-way,,,
1992,chiselstrike,,10,
1993,symfony-6-es-cqrs-boilerplate,,7,
1994,desafios,0,19,
1995,solr,,12,
1996,ucall,6727,60,
1997,osu-web,,3,
1998,XBackBone,,10,
1999,IT-Note,,79,
2000,refactor-like-a-superhero,,,
2001,elixir-phoenix-realworld-example-app,,7,
2002,nextacular,,18,
2003,hospitalrun-server,,,
2004,felix,1,8,
2005,framework,,10,
2006,free-courses,,15,
2007,resources,522,6,
2008,SleepingOwlAdmin,,4,
2009,rails-handbook,,3,
2010,nullstack,,,
2011,structr,,2,
2012,tailadmin-free-tailwind-dashboard-template,,7,
2013,nextjs-wordpress-starter,,15,
2014,repractise,,11,
2015,Saturn,,17,
2016,python-web-guide,,26,
2017,rustc_codegen_clr,,3,
2018,2023-CS-Study,,25,
2019,curriculum,,6,
2020,hydra,2975,10,
2021,abap2xlsx,,2,
2022,live-torrent,,15,
2023,ethql,,10,
2024,blockbook,,15,
2025,study-collection-backend,,12,
2026,hydra,2975,9,
2027,lux,846,25,
2028,everything-chatgpt,,21,
2029,go-web-workshop,,5,
2030,Stackoverflow-Clone-Frontend,,14,
2031,dotenx,,19,
2032,wsify,,,
2033,forum,124,7,
2034,Serverless-Boilerplate-Express-TypeScript,,38,
2035,developer-roadmap-zh-CN,,,
2036,actix-realworld-example-app,,2,
2037,backend-swe-interview-questions,,23,
2038,para,1645,,
2039,mojo.js,,21,
2040,choiceof.dev,,,
2041,udash-core,,8,
2042,golang_step_by_step,,43,
2043,libfirm,,4,
2044,full-stack-fastapi-couchbase,,27,
2045,nestjs-starter-rest-api,,70,
2046,blog,71,2,
2047,Everything-Tech,,44,
2048,happyx,287,4,
2049,links,78,6,
2050,raxx,,12,
2051,next-api-decorators,,27,
2052,Conduit,,4,
2053,i18next-http-backend,,4,
2054,mern-authentication,,5,
2055,conf,1012,2,
2056,Ultimate-NodeJs-Resources,,5,
2057,roadmap-backend-2023,,20,
2058,Pharmacy-Mangment-System,,7,
2059,terraform-aws-tfstate-backend,,11,
2060,DjReact,,3,
2061,vagas,6,17,
2062,backend,552,66,
2063,koa-vue-notes-api,,100,
2064,vagas,6,571,
2065,open_source_bms,,160,
2066,inspect,,181,
2067,forest-rails,,1308,
2068,jsx-mail,,360,
2069,jsx-mail,,660,
2070,hasura-auth,,150,
2071,vue-storefront-api,,495,
2072,NodeJS-Interview-Questions,,116,
2073,tweek,,110,
2074,Kanary,,113,
2075,nest-auth-example,,767,
2076,sifrr,,239,
2077,concourse,1,122,
2078,plain-free-bootstrap-admin-template,,140,
2079,eShopOnContainersDDD,,169,
2080,node-boilerplate,,1208,
2081,http-fake-backend,,135,
2082,whatsapp-bot,,119,
2083,db-query-matchers,,442,
2084,three-layer,,32,
2085,free-react-tailwind-admin-dashboard,,48,
2086,CleanArchitecture,,191,
2087,Parse-Swift,,58,
2088,yii2-usuario,,76,
2089,the-book-of-secret-knowledge,,33,
2090,netdata,1366,23,
2091,devops-exercises,,81,
2092,awesome-scalability,,183,
2093,act,,48,
2094,gitea,,9,
2095,kong,4,171,
2096,sentry,711,121,
2097,cli,1151091,152,
2098,dokku,,71,
2099,90DaysOfDevOps,,156,
2100,docker_practice,,39,
2101,lens,24,84,
2102,jenkins,9542,182,
2103,awesome-sysadmin,,516,
2104,goreplay,,51,
2105,watchtower,,10,
2106,wtf,187,154,
2107,argo-cd,,22,
2108,sops,28104,27,
2109,kubesphere,,123,
2110,apisix,,296,
2111,onedev,,16,
2112,walle-web,,82,
2113,lynis,,675,
2114,awesome-mlops,,238,
2115,awesome-sre,,200,
2116,kubeshark,,6,
2117,test-your-sysadmin-skills,,84,
2118,infracost,,366,
2119,unleash,11,61,
2120,webhook,,77,
2121,spug,,112,
2122,dagger,116,61,
2123,kubescape,,336,
2124,task,511,39,
2125,bytebase,,162,
2126,pyroscope,,48,
2127,howtheysre,,61,
2128,semaphore,146,13,
2129,openebs,,26,
2130,origin,1548,210,
2131,miller,16,106,
2132,Yearning,,176,
2133,fission,1,93,
2134,devops-resources,,16,
2135,ansible-for-devops,,39,
2136,flyway,,26,
2137,xonsh,5084,86,
2138,homelab,1,153,
2139,DevOps-Guide,,15,
2140,chef,,23,
2141,terragrunt,,9,
2142,terratest,,30,
2143,DevOps-Roadmap,,120,
2144,healthchecks,,37,
2145,atlantis,116,37,
2146,wasm3,,44,
2147,sh,1246978,95,
2148,developer-roadmap-chinese,,80,
2149,tfsec,,69,
2150,datree,,34,
2151,checkov,1986087,530,
2152,steampipe,8,35,
2153,st2,,,
2154,k3sup,,58,
2155,cabot,18,170,
2156,guide,16,39,
2157,theByteBook,,85,
2158,laravel-backup,,85,
2159,goss,6,8,
2160,rundeck,,52,
2161,shuttle,379,157,
2162,gaia,8,41,
2163,DevSecOps,,59,
2164,udemy-docker-mastery,,8,
2165,clearml,50390,86,
2166,awesome-terraform,,415,
2167,awless,,83,
2168,xxh,8,23,
2169,Daily-Question,,109,
2170,rainbond,,13,
2171,tsuru,3,6,
2172,ThreatMapper,,6,
2173,jx,1,52,
2174,faraday,2,37,
2175,cds,12,40,
2176,terrascan,318,184,
2177,gatus,,39,
2178,learn-to-cloud,,10,
2179,telegram-list,,299,
2180,encore,142,84,
2181,liquibase,18,49,
2182,awesome-devsecops,,36,
2183,wgcloud,,45,
2184,k8sgpt,,28,
2185,litmus,6,88,
2186,porter,6,45,
2187,arkade,4,31,
2188,devspace,,53,
2189,GameDevMind,,12,
2190,werf,,21,
2191,hygieia,0,30,
2192,roadmaps,,32,
2193,kubefwd,,97,
2194,BoostNote-App,,67,
2195,opendevops,,122,
2196,awesome-ci,,67,
2197,woodpecker,,7,
2198,mgmt,11,169,
2199,bunkerweb,,33,
2200,copilot-cli,,,
2201,kubernetes-workshop,,2,
2202,adminset,,39,
2203,mirrord,,18,
2204,coroot,,39,
2205,flipt,406,30,
2206,prometheus-book,,6,
2207,awesome-computer-science-opportunities,,14,
2208,errbot,1154,4,
2209,assh,2,19,
2210,Nodejs-Roadmap,,88,
2211,inspec,29,24,
2212,cloudnative-pg,,9,
2213,erda,,19,
2214,zadig,,7,
2215,stern,12,44,
2216,DevOps,,9,
2217,minishift,0,38,
2218,introduction-to-bash-scripting,,205,
2219,goreman,,15,
2220,gomplate,,17,
2221,choerodon,,6,
2222,sysbox,1,26,
2223,minicron,,67,
2224,awesome-ssh,,10,
2225,incubator-devlake,,50,
2226,robusta,10,68,
2227,pytest-testinfra,82749,38,
2228,bk-ci,,10,
2229,syncd,,21,
2230,juju,10697,30,
2231,mitogen,14804,5,
2232,blog,71,145,
2233,DevOps-Bash-tools,,2,
2234,shell-operator,10,9,
2235,archerysec,34,4,
2236,ledge,2,232,
2237,otomi-core,,480,
2238,snowflake,82419,1826,
2239,ansible-vagrant-examples,,492,
2240,developer-roadmap,,223,
2241,terracognita,,498,
2242,botkube,,467,
2243,grafana-aws-cloudwatch-dashboards,,1519,
2244,DevOps-Bootcamp,,69,
2245,preevy,,489,
2246,awesome-roadmaps,,239,
2247,awesome-cloud-native,,223,
2248,tutorials,,308,
2249,terraboard,,366,
2250,fleet,48,171,
2251,flightplan,0,354,
2252,mist-ce,,510,
2253,Practical.CleanArchitecture,,220,
2254,frontail,,283,
2255,kapitan,,248,
2256,cicd-goat,,100,
2257,vagrant-digitalocean,,122,
2258,oneuptime,,801,
2259,awesome-argo,,131,
2260,raspberry-pi-dramble,,262,
2261,SREWorks,,57,
2262,lastbackend,,36,
2263,sshportal,,63,
2264,flow-core-x,,42,
2265,nixops,,145,
2266,meetup,,180,
2267,archer,3,81,
2268,webterminal,,102,
2269,nodebestpractices,,254,
2270,puppeteer,,194,
2271,storybook,4,89,
2272,playwright,513578,435,
2273,hoppscotch,,49,
2274,localstack,23874,9,
2275,cypress,,120,
2276,jest,,291,
2277,javascript-testing-best-practices,,343,
2278,mocha,44,171,
2279,testify,120,50,
2280,learn-go-with-tests,,133,
2281,ava,18,36,
2282,enzyme,4073,29,
2283,react-testing-library,,14,
2284,goreplay,,104,
2285,Catch2,,110,
2286,faker,2759269,164,
2287,jasmine,192,114,
2288,mockito,75555,12,
2289,phpstan,,68,
2290,httpbin,8898,54,
2291,nightwatch,3,239,
2292,pytest,20837850,25,
2293,bruno,4,122,
2294,Detox,,649,
2295,metersphere,,79,
2296,pollyjs,,72,
2297,toxiproxy,1039,1648,
2298,chromedp,,52,
2299,Quick,,111,
2300,robotframework,445619,79,
2301,pest,3,77,
2302,react-cosmos,,11,
2303,factory_bot,,206,
2304,ginkgo,79,98,
2305,karate,6,340,
2306,testcontainers-java,,109,
2307,hurl,5,49,
2308,terratest,,86,
2309,undetected-chromedriver,120877,375,
2310,artillery,,173,
2311,hypothesis,1189587,67,
2312,foundry,3,17,
2313,ts-jest,,31,
2314,web-skills,,27,
2315,HeadlessBrowsers,,53,
2316,go-grpc-middleware,,300,
2317,go-sqlmock,,73,
2318,howtheytest,,42,
2319,bash-oo-framework,,99,
2320,doctest,,9,
2321,goss,6,77,
2322,mockery,,15,
2323,miragejs,,115,
2324,mockk,,263,
2325,jest-cheat-sheet,,68,
2326,react-hooks-testing-library,,53,
2327,cypress-realworld-app,,4,
2328,syzkaller,,119,
2329,gotests,,13,
2330,Nimble,,2,
2331,Codeception,,182,
2332,go-fuzz,,70,
2333,maildev,,7,
2334,wpt,,94,
2335,rod,225,25,
2336,bats-core,23,24,
2337,pywinauto,202232,13,
2338,intern,31,143,
2339,tcpcopy,,120,
2340,AFLplusplus,,170,
2341,jest-dom,,35,
2342,kotest,,226,
2343,mimesis,33275,60,
2344,powermock,,113,
2345,dredd,1588,96,
2346,CodeceptJS,,10,
2347,qunit,244,29,
2348,fast-check,,170,
2349,httplab,,17,
2350,httprunner,1938,27,
2351,go-cmp,,28,
2352,pa11y,37,33,
2353,molecule,174005,119,
2354,jest-image-snapshot,,129,
2355,awaitility,,343,
2356,manticore,1213,58,
2357,inKino,,12,
2358,swift-snapshot-testing,,40,
2359,thunder-client-support,,15,
2360,spock,16,105,
2361,shoulda-matchers,,71,
2362,tox,2819214,47,
2363,cypress-example-recipes,,203,
2364,migration,3,81,
2365,factory_boy,,2,
2366,qawolf,,7,
2367,minitest,13,36,
2368,dom-testing-library,,,
2369,AutoFixture,,3,
2370,macaca,,51,
2371,nodejs-integration-tests-best-practices,,91,
2372,garden,,44,
2373,awesome-http-benchmark,,106,
2374,rewire,,175,
2375,puppeteer-examples,,16,
2376,Pester,,56,
2377,react-native-testing-library,,69,
2378,database_cleaner,,53,
2379,php-ddd-example,,15,
2380,vim-test,,41,
2381,keploy,79,5,
2382,pandera,301479,44,
2383,inspec,29,47,
2384,conftest,,82,
2385,toxy,,301,
2386,Papercut-SMTP,,11,
2387,hiper,4,40,
2388,testcontainers-go,,3,
2389,testing-nestjs,,97,
2390,badssl.com,,28,
2391,pumba,,10,
2392,maelstrom,1,27,
2393,Jailer,,50,
2394,vcrpy,250291,14,
2395,stryker-js,,78,
2396,assertj,,86,
2397,NSubstitute,,38,
2398,sonic-server,,94,
2399,echidna,8,5,
2400,refurb,4986,30,
2401,mongodb-memory-server,,202,
2402,httpexpect,,73,
2403,ladle,,12,
2404,nunit,16,25,
2405,zalenium,,95,
2406,android-modular-architecture,,266,
2407,testing-distributed-systems,,251,
2408,ReportGenerator,,120,
2409,stf,4,457,
2410,Penetration-Testing-Tools,,179,
2411,specta,,51,
2412,tapjs,,380,
2413,hoverfly,,140,
2414,pytest-testinfra,82749,424,
2415,jest-extended,,22,
2416,jest-preview,76259,85,
2417,finatra,,404,
2418,lighthousebot,,23,
2419,phoronix-test-suite,,81,
2420,spek,,358,
2421,Verify,,888,
2422,sqa-wiki,,346,
2423,abseil-py,,144,
2424,Fuzzing101,,368,
2425,generatedata,,65,
2426,FuzzingPaper,,688,
2427,HTTPretty,,26,
2428,user-event,2587,124,
2429,pythonVSCode,,304,
2430,sonic-agent,,75,
2431,testbench,5,278,
2432,reactopt,,178,
2433,spectator,,158,
2434,gock,,114,
2435,Mocky,,14,
2436,FlaUI,,27,
2437,schemathesis,24490,81,
2438,SwiftMonkey,,96,
2439,mountebank,4,13,
2440,infection,,38,
2441,martian,548,42,
2442,shouldly,,92,
2443,DevOps-Bootcamp,,38,
2444,js-unit-testing-guide,,14,
2445,powerfulseal,11,57,
2446,testng,,62,
2447,should.js,,206,
2448,nut.js,,49,
2449,the-book-of-secret-knowledge,,115,
2450,Awesome-Hacking,,144,
2451,cs-video-courses,,90,
2452,PayloadsAllTheThings,,116,
2453,caddy,13,169,
2454,x64dbg,,121,
2455,mitmproxy,73021,32,
2456,algo,1599,116,
2457,quivr,89,54,
2458,nginxconfig.io,,49,
2459,CheatSheetSeries,,22,
2460,hosts,,46,
2461,openzeppelin-contracts,,70,
2462,setup-ipsec-vpn,,5,
2463,API-Security-Checklist,,386,
2464,osquery,1148,221,
2465,security-guide-for-developers,,6,
2466,macOS-Security-and-Privacy-Guide,,134,
2467,trivy,,47,
2468,radare2,,115,
2469,matomo,,81,
2470,authelia,,69,
2471,keepassxc,,55,
2472,slim,177,841,
2473,cilium,4,281,
2474,How-To-Secure-A-Linux-Server,,112,
2475,nuclei,23,226,
2476,teleport,59,74,
2477,bettercap,4,48,
2478,hydra,2975,168,
2479,sops,28104,8,
2480,cutter,9,31,
2481,gitleaks,1,83,
2482,tink,85338,62,
2483,nginx-admins-handbook,,275,
2484,hacker101,,675,
2485,personal-security-checklist,,286,
2486,trufflehog,32196,17,
2487,secguide,,52,
2488,sniffnet,,15,
2489,wifiphisher,87,18,
2490,DOMPurify,,30,
2491,javascript-obfuscator,,14,
2492,hacker-roadmap,,660,
2493,keeweb,,50,
2494,routersploit,29,62,
2495,zaproxy,6583,57,
2496,RustScan,,80,
2497,labs,68,130,
2498,awesome-security,,454,
2499,dirsearch,687,29,
2500,infisical,2711,104,
2501,chezmoi,,76,
2502,vuls,,2,
2503,awesome-web-security,,147,
2504,YubiKey-Guide,,194,
2505,cryptomator,,81,
2506,gophish,291,133,
2507,test-your-sysadmin-skills,,69,
2508,urh,936,261,
2509,helmet,,59,
2510,systeminformer,,26,
2511,how-to-secure-anything,,357,
2512,scapy,421354,187,
2513,fail2ban,,157,
2514,the-practical-linux-hardening-guide,,9,
2515,openvpn,,119,
2516,mvt,810,46,
2517,kubescape,,35,
2518,xray,94,571,
2519,Atlas,,29,
2520,opensnitch,,110,
2521,DB-GPT,,100,
2522,oss-fuzz,,71,
2523,IdentityServer4,,6,
2524,juice-shop,,23,
2525,prowler,16451,104,
2526,awesome-ctf,,70,
2527,howtheysre,,227,
2528,DVWA,,38,
2529,Mailpile,,7,
2530,nmap,,7,
2531,user.js,,16,
2532,netmaker,3,95,
2533,my-arsenal-of-aws-security-tools,,31,
2534,monero,974,10,
2535,spring-security,,136,
2536,wazuh,0,138,
2537,nishang,,270,
2538,wpscan,81,,
2539,devops-resources,,18,
2540,Quasar,,70,
2541,trape,,110,
2542,KeychainAccess,,19,
2543,SafeLine,,43,
2544,nuclei-templates,,202,
2545,school-of-sre,,198,
2546,android-security-awesome,,22,
2547,crowdsec,,7,
2548,shadowsocks-rust,,39,
2549,gosec,,39,
2550,sigma,38,34,
2551,Sn1per,,77,
2552,smart-contract-best-practices,,20,
2553,grype,,124,
2554,404StarLink,,4,
2555,graylog2-server,,57,
2556,unicorn,18599,5,
2557,awesome-threat-intelligence,,87,
2558,brakeman,,53,
2559,awesome-incident-response,,8,
2560,capstone,61096,21,
2561,objection,1374,14,
2562,secretive,1,2,
2563,lego,4,218,
2564,falco,5,,
2565,pyre-check,17323,97,
2566,tfsec,,144,
2567,web-check,,8,
2568,datree,,,
2569,wstg,,8,
2570,awesome-hacker-search-engines,,226,
2571,pyWhat,,12,
2572,frappe,406,115,
2573,system-bus-radio,,9,
2574,steampipe,8,24,
2575,cleverhans,246,318,
2576,arkime,4,55,
2577,ScoutSuite,,,
2578,docker-ipsec-vpn-server,,64,
2579,awesome-appsec,,109,
2580,jwt,200051,7,
2581,certificates,9476,4,
2582,onionshare,106,35,
2583,firezone,1,28,
2584,cve,14,46,
2585,gitrob,,74,
2586,yakit,,300,
2587,cloudmapper,,19,
2588,airgeddon,,,
2589,Awesome-WAF,,,
2590,bandit,881425,,
2591,zeek,6,,
2592,DependencyCheck,,,
2593,PoC-in-GitHub,,,
2594,bromite,,,
2595,tutanota,,,
2596,PrivateBin,,,
2597,tpotce,,,
2598,maltrail,,,
2599,authentik,,,
2600,gopass,0,,
2601,guide,16,,
2602,bugbounty-cheatsheet,,,
2603,aquatone,,,
2604,awesome-web-hacking,,,
2605,awesome-privacy,,,
2606,kubernetes-network-policy-recipes,,,
2607,clusterfuzz,1424,,
2608,linux-kernel-exploitation,,,
2609,CTFd,,,
2610,DevSecOps,,,
2611,AllAboutBugBounty,,,
2612,reconftw,,,
2613,syzkaller,,,
2614,wgcf,1,,
2615,libreddit,,,
2616,WhatWeb,,,
2617,osmedeus,,,
2618,AutoSploit,,,
2619,awesome-infosec,,,
2620,1earn,,,
2621,MISP,,,
2622,awesome-shodan-queries,,,
2623,simplex-chat,,,
2624,cowrie,,,
2625,awesome-security-hardening,,,
2626,Hacking-Security-Ebooks,,,
2627,Active-Directory-Exploitation-Cheat-Sheet,,,
2628,cli,1151091,,
2629,ipatool,2,,
2630,pouch,6,,
2631,Cheatsheet-God,,,
2632,security-101-for-saas-startups,,,
2633,kata-containers,,,
2634,aircrack-ng,,,
2635,Ladon,,,
2636,faraday,2,,
2637,w3af,206,,
2638,security_monkey,3,,
2639,terrascan,318,,
2640,supercookie,,,
2641,pspy,769,,
2642,can-i-take-over-xyz,,,
2643,wireguard-docs,,,
2644,santa,2,,
2645,opencti,,,
2646,AFLplusplus,,,
2647,ockam,,,
2648,google-ctf,,,
