tool_id,name,author_company,specialization,type
1729,react,facebook,frontend,ui
1730,vue,vuejs,frontend,framework
1731,Front-End-Checklist,thedaviddias,frontend,
1732,vite,vitejs,frontend,build-tool
1733,ionic-framework,ionic-team,frontend,framework
1734,frontend-dev-bookmarks,dypsilon,frontend,
1735,awesome-cheatsheets,LeCoupa,frontend,language
1736,gold-miner,xitu,frontend,
1737,quivr,StanGirard,frontend,
1738,weekly,ascoders,frontend,
1739,GitHubDaily,GitHubDaily,frontend,
1740,expo,expo,frontend,framework
1741,fe-interview,haizlin,frontend,
1742,iview,iview,frontend,
1743,ant-design-vue,vueComponent,frontend,ui
1744,EasySpider,NaiboWang,frontend,
1745,Hello-Python,mouredev,frontend,
1746,tui.editor,nhn,frontend,editor
1747,Front-End-Performance-Checklist,thedaviddias,frontend,
1748,amis,baidu,frontend,
1749,full-stack-fastapi-postgresql,tiangolo,frontend,
1750,marko,marko-js,frontend,
1751,TW-Elements,mdbootstrap,frontend,
1752,tachyons,tachyons-css,frontend,
1753,tui.calendar,nhn,frontend,
1754,gdbgui,cs01,frontend,
1755,material-design-for-bootstrap,mdbootstrap,frontend,framework
1756,Awsome-Front-End-learning-resource,helloqingfeng,frontend,
1757,gremlins.js,marmelab,frontend,
1758,frontend-stuff,moklick,frontend,
1759,ng-zorro-antd,NG-ZORRO,frontend,
1760,StableStudio,Stability-AI,frontend,
1761,vue-enterprise-boilerplate,bencodezen,frontend,
1762,growth-ebook,phodal,frontend,
1763,Hippy,Tencent,frontend,
1764,it-tools,CorentinTh,frontend,
1765,frontend-case-studies,andrew--r,frontend,
1766,backbone.marionette,marionettejs,frontend,framework
1767,hospitalrun-frontend,HospitalRun,frontend,
1768,zeroclipboard,zeroclipboard,frontend,
1769,FE-Interview,lgwebdream,frontend,
1770,developer-roadmap-chinese,goodjack,frontend,devops
1771,nicegui,zauberzeug,frontend,
1772,builder,BuilderIO,frontend,
1773,imba,imba,frontend,framework
1774,alternative-front-ends,mendel5,frontend,
1775,papercups,papercups-io,frontend,
1776,FrontEndGitHub,FrontEndGitHub,frontend,
1777,nerv,NervJS,frontend,framework
1778,webpacker,rails,frontend,
1779,TNT-Weekly,tnfe,frontend,
1780,AmazeFileManager,TeamAmaze,frontend,
1781,Front-End-Design-Checklist,thedaviddias,frontend,
1782,codefather,liyupi,frontend,
1783,reagent,reagent-project,frontend,
1784,san,baidu,frontend,framework
1785,webhook.site,webhooksite,frontend,
1786,Front-End-Web-Development-Resources,RitikPatni,frontend,framework
1787,telegram-list,goq,frontend,devops
1788,forum,frontendbr,frontend,
1789,front-end-handbook-2019,FrontendMasters,frontend,
1790,javascript-code-challenges,sadanandpai,frontend,
1791,frontend-learning-kit,sadanandpai,frontend,
1792,mometa,imcuttle,frontend,
1793,pattern.css,bansal,frontend,ui
1794,mianshiya-public,liyupi,frontend,
1795,create-react-app-typescript,wmonk,frontend,
1796,roadmaps,WeMakeDevs,frontend,devops
1797,awesome-jupyter,markusschanta,frontend,
1798,plasmic,plasmicapp,frontend,
1799,react-fontawesome,FortAwesome,frontend,
1800,visualization-collection,hepengwei,frontend,
1801,frontend-tech-list,alienzhou,frontend,
1802,frontend,home-assistant,frontend,
1803,webpack-libs-optimizations,GoogleChromeLabs,frontend,
1804,ui-buttons,eludadev,frontend,framework
1805,rfs,twbs,frontend,
1806,smooth-scrollbar,idiotWu,frontend,
1807,OverlayScrollbars,KingSora,frontend,
1808,localResizeIMG,think2011,frontend,
1809,FrontEndCollection,cheatsheet1999,frontend,
1810,redux-orm,redux-orm,frontend,
1811,mini.css,Chalarangelo,frontend,framework
1812,blogs,sl1673495,frontend,
1813,hop,hop-protocol,frontend,
1814,fe-interview,azl397985856,frontend,
1815,free-programming-resources,liyupi,frontend,
1816,guiadofrontend,arthurspk,frontend,
1817,vecty,hexops,frontend,
1818,neo,neomjs,frontend,framework
1819,hiper,pod4g,frontend,testing
1820,ViewUI,view-design,frontend,
1821,Jailer,Wisser,frontend,testing
1822,awesome-casestudy,luruke,frontend,
1823,code-nav,liyupi,frontend,
1824,growth-in-action,phodal,frontend,
1825,img2css,javierbyte,frontend,
1826,OverVue,open-source-labs,frontend,
1827,omatsuri,rtivital,frontend,
1828,webpack-book,survivejs,frontend,
1829,vue-fontawesome,FortAwesome,frontend,
1830,meli,getmeli,frontend,
1831,ansible-cmdb,fboender,frontend,
1832,the-front-end-knowledge-you-may-not-know,justjavac,frontend,
1833,jest-preview,nvh95,frontend,testing
1834,cli,create-go-app,frontend,
1835,devmap,zualex,frontend,
1836,userbase,smallbets,frontend,
1837,percy,chinedufn,frontend,
1838,webapp.rs,saschagrunert,frontend,
1839,frontendDaily,kujian,frontend,
1840,react-imgpro,nitin42,frontend,
1841,blaze,blenderskool,frontend,
1842,user-event,testing-library,frontend,testing
1843,bttn.css,ganapativs,frontend,
1844,fe,phodal,frontend,
1845,spring-boot-vuejs,jonashackt,frontend,
1846,icestark,ice-lab,frontend,
1847,sql-mother,liyupi,frontend,
1848,frontend-development,codingknite,frontend,
1849,webpack-starter,wbkd,frontend,
1850,apihub,hiteshchoudhary,frontend,
1851,yuindex,liyupi,frontend,
1852,clean-code-javascript,devictoribero,frontend,
1853,layerJS,layerJS,frontend,ui
1854,openfl,openfl,frontend,
1855,python-web,mouredev,frontend,
1856,imgcook,imgcook,frontend,
1857,Awesome-Interview,Awesome-Interview,frontend,
1858,reactpatterns,chantastic,frontend,
1859,nipplejs,yoannmoinet,frontend,
1860,CrossUI,linb,frontend,
1861,frontend-mini-challenges,sadanandpai,frontend,
1862,ng-devui,DevCloudFE,frontend,
1863,chatgpt.js,KudoAI,frontend,
1864,yulegeyu,liyupi,frontend,
1865,react-native-picker-select,lawnstarter,frontend,
1866,farm,farm-fe,frontend,compiler
1867,bulmaswatch,jenil,frontend,framework
1868,frontdesk,miripiruni,frontend,
1869,sift.js,crcn,frontend,
1870,login-flow,mxstbr,frontend,
1871,piral,smapiot,frontend,
1872,semana-javascript-expert05,ErickWendel,frontend,
1873,watching-you,jj811208,frontend,
1874,dev-practice,alinebastos,frontend,
1875,fe-necessary-book,ddzy,frontend,
1876,vue-beautiful-chat,mattmezza,frontend,
1877,visual-center,javierbyte,frontend,
1878,shariff,heiseonline,frontend,
1879,myblog,lihongxun945,frontend,
1880,blog,dongyuanxin,frontend,
1881,reitit,metosin,frontend,
1882,sql-father-frontend-public,liyupi,frontend,
1883,saas-boilerplate,apptension,frontend,
1884,bank,pietrzakadrian,frontend,
1885,aurelia,aurelia,frontend,framework
1886,jetpack,KidkArolis,frontend,
1887,thing-translator,dmotz,frontend,language
1888,AwesomeSites,ezshine,frontend,
1889,tiny-engine,opentiny,frontend,
1890,coffee,Coframe,frontend,
1891,layr,layrjs,frontend,
1892,frontend,kottans,frontend,
1893,prepare_frontend_interview,junh0328,frontend,
1894,tiny-vue,opentiny,frontend,
1895,Equal,Equal-UI,frontend,framework
1896,F2E,ponkans,frontend,
1897,roadmap-do-desenvolvedor-web,hideraldus13,frontend,devops
1898,Project-Ideas-And-Resources,The-Cool-Coders,frontend,
1899,kvision,rjaros,frontend,framework
1900,Sublime-Text-Plugins-for-Frontend-Web-Development,jfilter,frontend,
1901,programming-challenges,michelbernardods,frontend,
1902,frontend-guideline,juntossomosmais,frontend,
1903,vanilla-todo,morris,frontend,
1904,baklava,Trendyol,frontend,
1905,Home-Assistant-Mobile-First,Clooos,frontend,
1906,angular-tree-component,CirclonGroup,frontend,
1907,mern-course-bootcamp,jeanrauwers,frontend,
1908,nvim,ecosse3,frontend,
1909,awesome-scalability,binhnguyennus,backend,devops
1910,appwrite,appwrite,backend,
1911,awesome-cheatsheets,LeCoupa,backend,language
1912,pocketbase,pocketbase,backend,
1913,GitHubDaily,GitHubDaily,backend,
1914,parse-server,parse-community,backend,
1915,sonic,valeriansaliou,backend,
1916,Hello-Python,mouredev,backend,
1917,full-stack-fastapi-postgresql,tiangolo,backend,
1918,october,octobercms,backend,framework
1919,domain-driven-hexagon,Sairyss,backend,
1920,nakama,heroiclabs,backend,
1921,nhost,nhost,backend,
1922,web-skills,andreasbm,backend,testing
1923,vagas,backend-br,backend,
1924,developer-roadmap-chinese,goodjack,backend,devops
1925,awesome-system-design-resources,ashishps1,backend,
1926,rowy,rowyio,backend,
1927,cockpit,agentejo,backend,
1928,codefather,liyupi,backend,
1929,hoodie,hoodiehq,backend,
1930,lucene-solr,apache,backend,
1931,encore,encoredev,backend,devops
1932,EasyAdminBundle,EasyCorp,backend,
1933,interviewGuide,NotFound9,backend,
1934,mianshiya-public,liyupi,backend,
1935,roadmaps,WeMakeDevs,backend,devops
1936,simplebank,techschool,backend,
1937,olivia,olivia-ai,backend,
1938,go-backend-clean-architecture,amitshekhariitbhu,backend,
1939,Robyn,sparckles,backend,
1940,mirrord,metalbear-co,backend,devops
1941,nodejs-integration-tests-best-practices,testjavascript,backend,testing
1942,CRUD,Laravel-Backpack,backend,
1943,free-programming-resources,liyupi,backend,
1944,ownphotos,hooram,backend,
1945,readyset,readysettech,backend,
1946,tinyhttp,tinyhttp,backend,
1947,code-nav,liyupi,backend,
1948,growth-in-action,phodal,backend,
1949,node-typescript-boilerplate,jsynowiec,backend,
1950,ultimate-backend,juicycleff,backend,
1951,cli,create-go-app,backend,
1952,devmap,zualex,backend,
1953,webapp.rs,saschagrunert,backend,
1954,lucene,apache,backend,
1955,slides,TritonHo,backend,
1956,guiadobackend,arthurspk,backend,
1957,blaze,blenderskool,backend,
1958,lumber,ForestAdmin,backend,framework
1959,backend-cheats,cheatsnake,backend,
1960,spring-boot-vuejs,jonashackt,backend,
1961,apihub,hiteshchoudhary,backend,
1962,gobetween,yyyar,backend,
1963,yuindex,liyupi,backend,
1964,sql-father-backend-public,liyupi,backend,
1965,Awesome-Interview,Awesome-Interview,backend,
1966,rust-web-developer-roadmap,anshulrgoyal,backend,
1967,silicon,matt-42,backend,
1968,dart_frog,VeryGoodOpenSource,backend,
1969,lastbackend,lastbackend,backend,devops
1970,fusio,apioo,backend,
1971,NotyKT,PatilShreyas,backend,testing
1972,dev-practice,alinebastos,backend,
1973,Java-Notes,PansonPanson,backend,
1974,awesome-backend,zhashkevych,backend,
1975,toggl_api_docs,toggl,backend,
1976,goyave,go-goyave,backend,framework
1977,kuzzle,kuzzleio,backend,
1978,Systemizer,honzaap,backend,
1979,saas-boilerplate,apptension,backend,
1980,bank,pietrzakadrian,backend,
1981,simple-admin-core,suyuan32,backend,
1982,layr,layrjs,backend,
1983,backend-best-practices,Sairyss,backend,devops
1984,axios-module,nuxt-community,backend,
1985,pavex,LukeMathWalker,backend,framework
1986,laravel-realworld-example-app,gothinkster,backend,
1987,local-web-server,lwsjs,backend,
1988,roadmap-do-desenvolvedor-web,hideraldus13,backend,devops
1989,oh-my-backend,bzick,backend,
1990,programming-challenges,michelbernardods,backend,
1991,learn-nodejs-hard-way,ishtms,backend,
1992,chiselstrike,chiselstrike,backend,framework
1993,symfony-6-es-cqrs-boilerplate,jorge07,backend,
1994,desafios,backend-br,backend,
1995,solr,apache,backend,
1996,ucall,unum-cloud,backend,
1997,osu-web,ppy,backend,
1998,XBackBone,sergix44,backend,
1999,IT-Note,InSeong-So,backend,
2000,refactor-like-a-superhero,bespoyasov,backend,
2001,elixir-phoenix-realworld-example-app,gothinkster,backend,
2002,nextacular,nextacular,backend,
2003,hospitalrun-server,HospitalRun,backend,
2004,felix,mojocn,backend,
2005,framework,featherhttp,backend,
2006,free-courses,alinebastos,backend,
2007,resources,CodeChefVIT,backend,devops
2008,SleepingOwlAdmin,LaravelRUS,backend,
2009,rails-handbook,infinum,backend,
2010,nullstack,nullstack,backend,framework
2011,structr,structr,backend,
2012,tailadmin-free-tailwind-dashboard-template,TailAdmin,backend,
2013,nextjs-wordpress-starter,WebDevStudios,backend,
2014,repractise,phodal,backend,
2015,Saturn,SaturnFramework,backend,
2016,python-web-guide,PegasusWang,backend,
2017,rustc_codegen_clr,FractalFir,backend,compiler
2018,2023-CS-Study,devSquad-study,backend,db
2019,curriculum,HackYourFuture,backend,
2020,hydra,pnxtech,backend,
2021,abap2xlsx,abap2xlsx,backend,
2022,live-torrent,Davenchy,backend,
2023,ethql,Consensys,backend,
2024,blockbook,trezor,backend,
2025,study-collection-backend,Frankle97,backend,
2026,hydra,micro-plat,backend,
2027,lux,postlight,backend,framework
2028,everything-chatgpt,terminalcommandnewsletter,backend,
2029,go-web-workshop,campoy,backend,
2030,Stackoverflow-Clone-Frontend,Mayank0255,backend,
2031,dotenx,dotenx,backend,ui
2032,wsify,alash3al,backend,
2033,forum,backend-br,backend,
2034,Serverless-Boilerplate-Express-TypeScript,ixartz,backend,
2035,developer-roadmap-zh-CN,forthespada,backend,
2036,actix-realworld-example-app,fairingrey,backend,
2037,backend-swe-interview-questions,tamhoang1412,backend,
2038,para,Erudika,backend,
2039,mojo.js,mojolicious,backend,
2040,choiceof.dev,bdebon,backend,devops
2041,udash-core,UdashFramework,backend,
2042,golang_step_by_step,Shitaibin,backend,
2043,libfirm,libfirm,backend,compiler
2044,full-stack-fastapi-couchbase,tiangolo,backend,
2045,nestjs-starter-rest-api,monstar-lab-oss,backend,
2046,blog,alienzhou,backend,
2047,Everything-Tech,moabukar,backend,devops
2048,happyx,HapticX,backend,
2049,links,gmartins-dev,backend,
2050,raxx,CrowdHailer,backend,framework
2051,next-api-decorators,instantcommerce,backend,
2052,Conduit,ConduitPlatform,backend,
2053,i18next-http-backend,i18next,backend,
2054,mern-authentication,flaviuse,backend,
2055,conf,docops-hq,backend,devops
2056,Ultimate-NodeJs-Resources,DhanushNehru,backend,
2057,roadmap-backend-2023,gabrielrangel95,backend,
2058,Pharmacy-Mangment-System,LalanaChami,backend,
2059,terraform-aws-tfstate-backend,cloudposse,backend,
2060,DjReact,justdjango,backend,
2061,vagas,dotnetdevbr,backend,
2062,backend,kottans,backend,
2063,koa-vue-notes-api,johndatserakis,backend,
2064,vagas,backend-pt,backend,
2065,open_source_bms,xyl-tools,backend,
2066,inspect,csfloat,backend,
2067,forest-rails,ForestAdmin,backend,
2068,jsx-mail,Theryston,backend,
2069,jsx-mail,Theryston,backend,
2070,hasura-auth,nhost,backend,
2071,vue-storefront-api,vuestorefront,backend,
2072,NodeJS-Interview-Questions,tshemsedinov,backend,
2073,tweek,Soluto,backend,devops
2074,Kanary,SeunAdelekan,backend,
2075,nest-auth-example,leosuncin,backend,
2076,sifrr,sifrr,backend,framework
2077,concourse,cinchapi,backend,
2078,plain-free-bootstrap-admin-template,PlainAdmin,backend,
2079,eShopOnContainersDDD,charlessolar,backend,
2080,node-boilerplate,santoshshinde2012,backend,
2081,http-fake-backend,micromata,backend,
2082,whatsapp-bot,caioagiani,backend,
2083,db-query-matchers,sds,backend,
2084,three-layer,Holmusk,backend,
2085,free-react-tailwind-admin-dashboard,TailAdmin,backend,
2086,CleanArchitecture,ESchouten,backend,
2087,Parse-Swift,parse-community,backend,
2088,yii2-usuario,2amigos,backend,
2089,the-book-of-secret-knowledge,trimstray,devops,devops
2090,netdata,netdata,devops,devops
2091,devops-exercises,bregman-arie,devops,devops
2092,awesome-scalability,binhnguyennus,devops,devops
2093,act,nektos,devops,devops
2094,gitea,go-gitea,devops,devops
2095,kong,Kong,devops,devops
2096,sentry,getsentry,devops,devops
2097,cli,httpie,devops,devops
2098,dokku,dokku,devops,devops
2099,90DaysOfDevOps,MichaelCade,devops,devops
2100,docker_practice,yeasy,devops,devops
2101,lens,lensapp,devops,devops
2102,jenkins,jenkinsci,devops,devops
2103,awesome-sysadmin,awesome-foss,devops,devops
2104,goreplay,buger,devops,testing
2105,watchtower,containrrr,devops,devops
2106,wtf,wtfutil,devops,devops
2107,argo-cd,argoproj,devops,devops
2108,sops,getsops,devops,devops
2109,kubesphere,kubesphere,devops,devops
2110,apisix,apache,devops,devops
2111,onedev,theonedev,devops,devops
2112,walle-web,meolu,devops,devops
2113,lynis,CISOfy,devops,devops
2114,awesome-mlops,visenger,devops,devops
2115,awesome-sre,dastergon,devops,devops
2116,kubeshark,kubeshark,devops,devops
2117,test-your-sysadmin-skills,trimstray,devops,devops
2118,infracost,infracost,devops,devops
2119,unleash,Unleash,devops,devops
2120,webhook,adnanh,devops,devops
2121,spug,openspug,devops,devops
2122,dagger,dagger,devops,devops
2123,kubescape,kubescape,devops,devops
2124,task,go-task,devops,devops
2125,bytebase,bytebase,devops,devops
2126,pyroscope,grafana,devops,devops
2127,howtheysre,upgundecha,devops,devops
2128,semaphore,ansible-semaphore,devops,devops
2129,openebs,openebs,devops,devops
2130,origin,openshift,devops,devops
2131,miller,johnkerl,devops,devops
2132,Yearning,cookieY,devops,devops
2133,fission,fission,devops,devops
2134,devops-resources,bregman-arie,devops,devops
2135,ansible-for-devops,geerlingguy,devops,devops
2136,flyway,flyway,devops,devops
2137,xonsh,xonsh,devops,devops
2138,homelab,khuedoan,devops,devops
2139,DevOps-Guide,Tikam02,devops,devops
2140,chef,chef,devops,devops
2141,terragrunt,gruntwork-io,devops,devops
2142,terratest,gruntwork-io,devops,testing
2143,DevOps-Roadmap,milanm,devops,devops
2144,healthchecks,healthchecks,devops,devops
2145,atlantis,runatlantis,devops,devops
2146,wasm3,wasm3,devops,devops
2147,sh,amoffat,devops,devops
2148,developer-roadmap-chinese,goodjack,devops,devops
2149,tfsec,aquasecurity,devops,devops
2150,datree,datreeio,devops,devops
2151,checkov,bridgecrewio,devops,devops
2152,steampipe,turbot,devops,devops
2153,st2,StackStorm,devops,devops
2154,k3sup,alexellis,devops,devops
2155,cabot,arachnys,devops,devops
2156,guide,hobby-kube,devops,devops
2157,theByteBook,isno,devops,devops
2158,laravel-backup,spatie,devops,devops
2159,goss,goss-org,devops,testing
2160,rundeck,rundeck,devops,devops
2161,shuttle,shuttle-hq,devops,devops
2162,gaia,gaia-pipeline,devops,devops
2163,DevSecOps,sottlmarek,devops,devops
2164,udemy-docker-mastery,BretFisher,devops,devops
2165,clearml,allegroai,devops,devops
2166,awesome-terraform,shuaibiyy,devops,devops
2167,awless,wallix,devops,devops
2168,xxh,xxh,devops,devops
2169,Daily-Question,shfshanyue,devops,devops
2170,rainbond,goodrain,devops,devops
2171,tsuru,tsuru,devops,devops
2172,ThreatMapper,deepfence,devops,devops
2173,jx,jenkins-x,devops,devops
2174,faraday,infobyte,devops,devops
2175,cds,ovh,devops,devops
2176,terrascan,tenable,devops,devops
2177,gatus,TwiN,devops,devops
2178,learn-to-cloud,learntocloud,devops,devops
2179,telegram-list,goq,devops,devops
2180,encore,encoredev,devops,devops
2181,liquibase,liquibase,devops,devops
2182,awesome-devsecops,devsecops,devops,devops
2183,wgcloud,tianshiyeben,devops,devops
2184,k8sgpt,k8sgpt-ai,devops,devops
2185,litmus,litmuschaos,devops,devops
2186,porter,porter-dev,devops,devops
2187,arkade,alexellis,devops,devops
2188,devspace,devspace-sh,devops,devops
2189,GameDevMind,gonglei007,devops,devops
2190,werf,werf,devops,devops
2191,hygieia,hygieia,devops,devops
2192,roadmaps,WeMakeDevs,devops,devops
2193,kubefwd,txn2,devops,devops
2194,BoostNote-App,BoostIO,devops,devops
2195,opendevops,opendevops-cn,devops,devops
2196,awesome-ci,ligurio,devops,devops
2197,woodpecker,woodpecker-ci,devops,devops
2198,mgmt,purpleidea,devops,devops
2199,bunkerweb,bunkerity,devops,devops
2200,copilot-cli,aws,devops,devops
2201,kubernetes-workshop,eon01,devops,devops
2202,adminset,guohongze,devops,devops
2203,mirrord,metalbear-co,devops,devops
2204,coroot,coroot,devops,devops
2205,flipt,flipt-io,devops,devops
2206,prometheus-book,yunlzheng,devops,devops
2207,awesome-computer-science-opportunities,anu0012,devops,devops
2208,errbot,errbotio,devops,devops
2209,assh,moul,devops,devops
2210,Nodejs-Roadmap,qufei1993,devops,devops
2211,inspec,inspec,devops,testing
2212,cloudnative-pg,cloudnative-pg,devops,devops
2213,erda,erda-project,devops,devops
2214,zadig,koderover,devops,devops
2215,stern,stern,devops,devops
2216,DevOps,Pradumnasaraf,devops,devops
2217,minishift,minishift,devops,devops
2218,introduction-to-bash-scripting,bobbyiliev,devops,devops
2219,goreman,mattn,devops,devops
2220,gomplate,hairyhenderson,devops,devops
2221,choerodon,open-hand,devops,devops
2222,sysbox,nestybox,devops,devops
2223,minicron,jamesrwhite,devops,devops
2224,awesome-ssh,moul,devops,devops
2225,incubator-devlake,apache,devops,devops
2226,robusta,robusta-dev,devops,devops
2227,pytest-testinfra,pytest-dev,devops,testing
2228,bk-ci,TencentBlueKing,devops,devops
2229,syncd,dreamans,devops,devops
2230,juju,juju,devops,devops
2231,mitogen,mitogen-hq,devops,devops
2232,blog,amandakelake,devops,devops
2233,DevOps-Bash-tools,HariSekhon,devops,devops
2234,shell-operator,flant,devops,devops
2235,archerysec,archerysec,devops,devops
2236,ledge,phodal,devops,devops
2237,otomi-core,redkubes,devops,devops
2238,snowflake,subhra74,devops,devops
2239,ansible-vagrant-examples,geerlingguy,devops,devops
2240,developer-roadmap,DasyDong,devops,devops
2241,terracognita,cycloidio,devops,devops
2242,botkube,kubeshop,devops,devops
2243,grafana-aws-cloudwatch-dashboards,monitoringartist,devops,devops
2244,DevOps-Bootcamp,kunal-kushwaha,devops,testing
2245,preevy,livecycle,devops,devops
2246,awesome-roadmaps,orsanawwad,devops,devops
2247,awesome-cloud-native,rootsongjc,devops,devops
2248,tutorials,antonputra,devops,devops
2249,terraboard,camptocamp,devops,devops
2250,fleet,fleetdm,devops,devops
2251,flightplan,pstadler,devops,devops
2252,mist-ce,mistio,devops,devops
2253,Practical.CleanArchitecture,phongnguyend,devops,devops
2254,frontail,mthenw,devops,devops
2255,kapitan,kapicorp,devops,devops
2256,cicd-goat,cider-security-research,devops,devops
2257,vagrant-digitalocean,devopsgroup-io,devops,devops
2258,oneuptime,OneUptime,devops,devops
2259,awesome-argo,akuity,devops,devops
2260,raspberry-pi-dramble,geerlingguy,devops,devops
2261,SREWorks,alibaba,devops,devops
2262,lastbackend,lastbackend,devops,devops
2263,sshportal,moul,devops,devops
2264,flow-core-x,FlowCI,devops,devops
2265,nixops,NixOS,devops,devops
2266,meetup,baiyutang,devops,devops
2267,archer,jly8866,devops,devops
2268,webterminal,jimmy201602,devops,devops
2269,nodebestpractices,goldbergyoni,testing,testing
2270,puppeteer,puppeteer,testing,testing
2271,storybook,storybookjs,testing,testing
2272,playwright,microsoft,testing,testing
2273,hoppscotch,hoppscotch,testing,testing
2274,localstack,localstack,testing,testing
2275,cypress,cypress-io,testing,testing
2276,jest,jestjs,testing,testing
2277,javascript-testing-best-practices,goldbergyoni,testing,testing
2278,mocha,mochajs,testing,testing
2279,testify,stretchr,testing,testing
2280,learn-go-with-tests,quii,testing,testing
2281,ava,avajs,testing,testing
2282,enzyme,enzymejs,testing,testing
2283,react-testing-library,testing-library,testing,testing
2284,goreplay,buger,testing,testing
2285,Catch2,catchorg,testing,testing
2286,faker,joke2k,testing,testing
2287,jasmine,jasmine,testing,testing
2288,mockito,mockito,testing,testing
2289,phpstan,phpstan,testing,testing
2290,httpbin,postmanlabs,testing,testing
2291,nightwatch,nightwatchjs,testing,testing
2292,pytest,pytest-dev,testing,testing
2293,bruno,usebruno,testing,testing
2294,Detox,wix,testing,testing
2295,metersphere,metersphere,testing,testing
2296,pollyjs,Netflix,testing,testing
2297,toxiproxy,Shopify,testing,testing
2298,chromedp,chromedp,testing,testing
2299,Quick,Quick,testing,testing
2300,robotframework,robotframework,testing,testing
2301,pest,pestphp,testing,testing
2302,react-cosmos,react-cosmos,testing,testing
2303,factory_bot,thoughtbot,testing,testing
2304,ginkgo,onsi,testing,testing
2305,karate,karatelabs,testing,testing
2306,testcontainers-java,testcontainers,testing,testing
2307,hurl,Orange-OpenSource,testing,testing
2308,terratest,gruntwork-io,testing,testing
2309,undetected-chromedriver,ultrafunkamsterdam,testing,testing
2310,artillery,artilleryio,testing,testing
2311,hypothesis,HypothesisWorks,testing,testing
2312,foundry,foundry-rs,testing,testing
2313,ts-jest,kulshekhar,testing,testing
2314,web-skills,andreasbm,testing,testing
2315,HeadlessBrowsers,dhamaniasad,testing,testing
2316,go-grpc-middleware,grpc-ecosystem,testing,testing
2317,go-sqlmock,DATA-DOG,testing,testing
2318,howtheytest,abhivaikar,testing,testing
2319,bash-oo-framework,niieani,testing,testing
2320,doctest,doctest,testing,testing
2321,goss,goss-org,testing,testing
2322,mockery,vektra,testing,testing
2323,miragejs,miragejs,testing,testing
2324,mockk,mockk,testing,testing
2325,jest-cheat-sheet,sapegin,testing,testing
2326,react-hooks-testing-library,testing-library,testing,testing
2327,cypress-realworld-app,cypress-io,testing,testing
2328,syzkaller,google,testing,testing
2329,gotests,cweill,testing,testing
2330,Nimble,Quick,testing,testing
2331,Codeception,Codeception,testing,testing
2332,go-fuzz,dvyukov,testing,testing
2333,maildev,maildev,testing,testing
2334,wpt,web-platform-tests,testing,testing
2335,rod,go-rod,testing,testing
2336,bats-core,bats-core,testing,testing
2337,pywinauto,pywinauto,testing,testing
2338,intern,theintern,testing,testing
2339,tcpcopy,session-replay-tools,testing,testing
2340,AFLplusplus,AFLplusplus,testing,testing
2341,jest-dom,testing-library,testing,testing
2342,kotest,kotest,testing,testing
2343,mimesis,lk-geimfari,testing,testing
2344,powermock,powermock,testing,testing
2345,dredd,apiaryio,testing,testing
2346,CodeceptJS,codeceptjs,testing,testing
2347,qunit,qunitjs,testing,testing
2348,fast-check,dubzzz,testing,testing
2349,httplab,qustavo,testing,testing
2350,httprunner,httprunner,testing,testing
2351,go-cmp,google,testing,testing
2352,pa11y,pa11y,testing,testing
2353,molecule,ansible,testing,testing
2354,jest-image-snapshot,americanexpress,testing,testing
2355,awaitility,awaitility,testing,testing
2356,manticore,trailofbits,testing,testing
2357,inKino,roughike,testing,testing
2358,swift-snapshot-testing,pointfreeco,testing,testing
2359,thunder-client-support,rangav,testing,testing
2360,spock,spockframework,testing,testing
2361,shoulda-matchers,thoughtbot,testing,testing
2362,tox,tox-dev,testing,testing
2363,cypress-example-recipes,cypress-io,testing,testing
2364,migration,phodal,testing,testing
2365,factory_boy,FactoryBoy,testing,testing
2366,qawolf,qawolf,testing,testing
2367,minitest,minitest,testing,testing
2368,dom-testing-library,testing-library,testing,testing
2369,AutoFixture,AutoFixture,testing,testing
2370,macaca,alibaba,testing,testing
2371,nodejs-integration-tests-best-practices,testjavascript,testing,testing
2372,garden,garden-io,testing,testing
2373,awesome-http-benchmark,denji,testing,testing
2374,rewire,jhnns,testing,testing
2375,puppeteer-examples,checkly,testing,testing
2376,Pester,pester,testing,testing
2377,react-native-testing-library,callstack,testing,testing
2378,database_cleaner,DatabaseCleaner,testing,testing
2379,php-ddd-example,CodelyTV,testing,testing
2380,vim-test,vim-test,testing,testing
2381,keploy,keploy,testing,testing
2382,pandera,unionai-oss,testing,testing
2383,inspec,inspec,testing,testing
2384,conftest,open-policy-agent,testing,testing
2385,toxy,h2non,testing,testing
2386,Papercut-SMTP,ChangemakerStudios,testing,testing
2387,hiper,pod4g,testing,testing
2388,testcontainers-go,testcontainers,testing,testing
2389,testing-nestjs,jmcdo29,testing,testing
2390,badssl.com,chromium,testing,testing
2391,pumba,alexei-led,testing,testing
2392,maelstrom,jepsen-io,testing,testing
2393,Jailer,Wisser,testing,testing
2394,vcrpy,kevin1024,testing,testing
2395,stryker-js,stryker-mutator,testing,testing
2396,assertj,assertj,testing,testing
2397,NSubstitute,nsubstitute,testing,testing
2398,sonic-server,SonicCloudOrg,testing,testing
2399,echidna,crytic,testing,testing
2400,refurb,dosisod,testing,testing
2401,mongodb-memory-server,nodkz,testing,testing
2402,httpexpect,gavv,testing,testing
2403,ladle,tajo,testing,testing
2404,nunit,nunit,testing,testing
2405,zalenium,zalando,testing,testing
2406,android-modular-architecture,vmadalin,testing,testing
2407,testing-distributed-systems,asatarin,testing,testing
2408,ReportGenerator,danielpalme,testing,testing
2409,stf,DeviceFarmer,testing,testing
2410,Penetration-Testing-Tools,mgeeky,testing,testing
2411,specta,specta,testing,testing
2412,tapjs,tapjs,testing,testing
2413,hoverfly,SpectoLabs,testing,testing
2414,pytest-testinfra,pytest-dev,testing,testing
2415,jest-extended,jest-community,testing,testing
2416,jest-preview,nvh95,testing,testing
2417,finatra,twitter,testing,testing
2418,lighthousebot,GoogleChromeLabs,testing,testing
2419,phoronix-test-suite,phoronix-test-suite,testing,testing
2420,spek,spekframework,testing,testing
2421,Verify,VerifyTests,testing,testing
2422,sqa-wiki,ligurio,testing,testing
2423,abseil-py,abseil,testing,testing
2424,Fuzzing101,antonio-morales,testing,testing
2425,generatedata,benkeen,testing,testing
2426,FuzzingPaper,wcventure,testing,testing
2427,HTTPretty,gabrielfalcao,testing,testing
2428,user-event,testing-library,testing,testing
2429,pythonVSCode,DonJayamanne,testing,testing
2430,sonic-agent,SonicCloudOrg,testing,testing
2431,testbench,orchestral,testing,testing
2432,reactopt,reactopt,testing,testing
2433,spectator,ngneat,testing,testing
2434,gock,h2non,testing,testing
2435,Mocky,MockyAbstract,testing,testing
2436,FlaUI,FlaUI,testing,testing
2437,schemathesis,schemathesis,testing,testing
2438,SwiftMonkey,zalando,testing,testing
2439,mountebank,bbyars,testing,testing
2440,infection,infection,testing,testing
2441,martian,google,testing,testing
2442,shouldly,shouldly,testing,testing
2443,DevOps-Bootcamp,kunal-kushwaha,testing,testing
2444,js-unit-testing-guide,mawrkus,testing,testing
2445,powerfulseal,powerfulseal,testing,testing
2446,testng,testng-team,testing,testing
2447,should.js,shouldjs,testing,testing
2448,nut.js,nut-tree,testing,testing
2449,the-book-of-secret-knowledge,trimstray,security,devops
2450,Awesome-Hacking,Hack-with-Github,security,
2451,cs-video-courses,Developer-Y,security,
2452,PayloadsAllTheThings,swisskyrepo,security,
2453,caddy,caddyserver,security,
2454,x64dbg,x64dbg,security,
2455,mitmproxy,mitmproxy,security,
2456,algo,trailofbits,security,
2457,quivr,StanGirard,security,
2458,nginxconfig.io,digitalocean,security,
2459,CheatSheetSeries,OWASP,security,
2460,hosts,StevenBlack,security,
2461,openzeppelin-contracts,OpenZeppelin,security,
2462,setup-ipsec-vpn,hwdsl2,security,
2463,API-Security-Checklist,shieldfy,security,
2464,osquery,osquery,security,
2465,security-guide-for-developers,FallibleInc,security,
2466,macOS-Security-and-Privacy-Guide,drduh,security,
2467,trivy,aquasecurity,security,
2468,radare2,radareorg,security,
2469,matomo,matomo-org,security,
2470,authelia,authelia,security,
2471,keepassxc,keepassxreboot,security,
2472,slim,slimtoolkit,security,
2473,cilium,cilium,security,
2474,How-To-Secure-A-Linux-Server,imthenachoman,security,
2475,nuclei,projectdiscovery,security,
2476,teleport,gravitational,security,
2477,bettercap,bettercap,security,
2478,hydra,ory,security,
2479,sops,getsops,security,devops
2480,cutter,rizinorg,security,
2481,gitleaks,gitleaks,security,
2482,tink,google,security,
2483,nginx-admins-handbook,trimstray,security,
2484,hacker101,Hacker0x01,security,
2485,personal-security-checklist,Lissy93,security,
2486,trufflehog,trufflesecurity,security,
2487,secguide,Tencent,security,
2488,sniffnet,GyulyVGC,security,
2489,wifiphisher,wifiphisher,security,
2490,DOMPurify,cure53,security,
2491,javascript-obfuscator,javascript-obfuscator,security,
2492,hacker-roadmap,sundowndev,security,
2493,keeweb,keeweb,security,
2494,routersploit,threat9,security,embedded
2495,zaproxy,zaproxy,security,
2496,RustScan,RustScan,security,
2497,labs,docker,security,
2498,awesome-security,sbilly,security,
2499,dirsearch,maurosoria,security,
2500,infisical,Infisical,security,
2501,chezmoi,twpayne,security,
2502,vuls,future-architect,security,
2503,awesome-web-security,qazbnm456,security,
2504,YubiKey-Guide,drduh,security,
2505,cryptomator,cryptomator,security,
2506,gophish,gophish,security,
2507,test-your-sysadmin-skills,trimstray,security,devops
2508,urh,jopohl,security,
2509,helmet,helmetjs,security,
2510,systeminformer,winsiderss,security,
2511,how-to-secure-anything,veeral-patel,security,
2512,scapy,secdev,security,
2513,fail2ban,fail2ban,security,
2514,the-practical-linux-hardening-guide,trimstray,security,
2515,openvpn,OpenVPN,security,
2516,mvt,mvt-project,security,
2517,kubescape,kubescape,security,devops
2518,xray,chaitin,security,
2519,Atlas,Atlas-OS,security,
2520,opensnitch,evilsocket,security,
2521,DB-GPT,eosphoros-ai,security,
2522,oss-fuzz,google,security,
2523,IdentityServer4,IdentityServer,security,
2524,juice-shop,juice-shop,security,
2525,prowler,prowler-cloud,security,
2526,awesome-ctf,apsdehal,security,
2527,howtheysre,upgundecha,security,devops
2528,DVWA,digininja,security,
2529,Mailpile,mailpile,security,
2530,nmap,nmap,security,
2531,user.js,arkenfox,security,
2532,netmaker,gravitl,security,
2533,my-arsenal-of-aws-security-tools,toniblyx,security,
2534,monero,monero-project,security,
2535,spring-security,spring-projects,security,framework
2536,wazuh,wazuh,security,
2537,nishang,samratashok,security,
2538,wpscan,wpscanteam,security,
2539,devops-resources,bregman-arie,security,devops
2540,Quasar,quasar,security,
2541,trape,jofpin,security,
2542,KeychainAccess,kishikawakatsumi,security,
2543,SafeLine,chaitin,security,
2544,nuclei-templates,projectdiscovery,security,
2545,school-of-sre,linkedin,security,
2546,android-security-awesome,ashishb,security,
2547,crowdsec,crowdsecurity,security,
2548,shadowsocks-rust,shadowsocks,security,
2549,gosec,securego,security,
2550,sigma,SigmaHQ,security,
2551,Sn1per,1N3,security,
2552,smart-contract-best-practices,Consensys,security,documentation
2553,grype,anchore,security,
2554,404StarLink,knownsec,security,
2555,graylog2-server,Graylog2,security,
2556,unicorn,unicorn-engine,security,framework
2557,awesome-threat-intelligence,hslatman,security,
2558,brakeman,presidentbeef,security,
2559,awesome-incident-response,meirwah,security,
2560,capstone,capstone-engine,security,framework
2561,objection,sensepost,security,framework
2562,secretive,maxgoedjen,security,
2563,lego,go-acme,security,
2564,falco,falcosecurity,security,
2565,pyre-check,facebook,security,code-quality
2566,tfsec,aquasecurity,security,devops
2567,web-check,Lissy93,security,
2568,datree,datreeio,security,devops
2569,wstg,OWASP,security,
2570,awesome-hacker-search-engines,edoardottt,security,
2571,pyWhat,bee-san,security,
2572,frappe,frappe,security,
2573,system-bus-radio,fulldecent,security,
2574,steampipe,turbot,security,devops
2575,cleverhans,cleverhans-lab,security,
2576,arkime,arkime,security,
2577,ScoutSuite,nccgroup,security,
2578,docker-ipsec-vpn-server,hwdsl2,security,
2579,awesome-appsec,paragonie,security,
2580,jwt,golang-jwt,security,
2581,certificates,smallstep,security,
2582,onionshare,onionshare,security,
2583,firezone,firezone,security,
2584,cve,trickest,security,
2585,gitrob,michenriksen,security,
2586,yakit,yaklang,security,
2587,cloudmapper,duo-labs,security,
2588,airgeddon,v1s1t0r1sh3r3,security,
2589,Awesome-WAF,0xInfection,security,
2590,bandit,PyCQA,security,
2591,zeek,zeek,security,
2592,DependencyCheck,jeremylong,security,build-tool
2593,PoC-in-GitHub,nomi-sec,security,
2594,bromite,bromite,security,
2595,tutanota,tutao,security,
2596,PrivateBin,PrivateBin,security,
2597,tpotce,telekom-security,security,
2598,maltrail,stamparm,security,
2599,authentik,goauthentik,security,
2600,gopass,gopasspw,security,
2601,guide,hobby-kube,security,devops
2602,bugbounty-cheatsheet,EdOverflow,security,
2603,aquatone,michenriksen,security,
2604,awesome-web-hacking,infoslack,security,
2605,awesome-privacy,Lissy93,security,
2606,kubernetes-network-policy-recipes,ahmetb,security,
2607,clusterfuzz,google,security,
2608,linux-kernel-exploitation,xairy,security,
2609,CTFd,CTFd,security,
2610,DevSecOps,sottlmarek,security,devops
2611,AllAboutBugBounty,daffainfo,security,
2612,reconftw,six2dez,security,
2613,syzkaller,google,security,testing
2614,wgcf,ViRb3,security,
2615,libreddit,libreddit,security,
2616,WhatWeb,urbanadventurer,security,
2617,osmedeus,j3ssie,security,
2618,AutoSploit,NullArray,security,
2619,awesome-infosec,onlurking,security,
2620,1earn,ffffffff0x,security,
2621,MISP,MISP,security,
2622,awesome-shodan-queries,jakejarvis,security,
2623,simplex-chat,simplex-chat,security,
2624,cowrie,cowrie,security,
2625,awesome-security-hardening,decalage2,security,
2626,Hacking-Security-Ebooks,yeahhub,security,
2627,Active-Directory-Exploitation-Cheat-Sheet,S1ckB0y1337,security,
2628,cli,snyk,security,
2629,ipatool,majd,security,
2630,pouch,AliyunContainerService,security,
2631,Cheatsheet-God,OlivierLaflamme,security,
2632,security-101-for-saas-startups,forter,security,
2633,kata-containers,kata-containers,security,
2634,aircrack-ng,aircrack-ng,security,
2635,Ladon,k8gege,security,
2636,faraday,infobyte,security,devops
2637,w3af,andresriancho,security,
2638,security_monkey,Netflix,security,
2639,terrascan,tenable,security,devops
2640,supercookie,jonasstrehle,security,
2641,pspy,DominicBreuker,security,
2642,can-i-take-over-xyz,EdOverflow,security,
2643,wireguard-docs,pirate,security,
2644,santa,google,security,
2645,opencti,OpenCTI-Platform,security,
2646,AFLplusplus,AFLplusplus,security,testing
2647,ockam,build-trust,security,
2648,google-ctf,google,security,
